{"time": 0.5271400423100755, "totalStopTime": 0.4728599576899245}