{"time": 0.34563209097063474, "totalStopTime": 0.3245079162514074, "maxStopTime": 0.18088261591263116, "FromlastdropToanswerTime": 0.1489773768653267}