{"time": 0.5014536010261804, "totalStopTime": 0.4985463989738196}